{
  "openapi" : "3.0.0",
  "info" : {
    "title" : "BF Admin Server",
    "description" : "'This is a collection of simple APIs used to manage the data elements stored from our Bird Feeder. The API's represent\nCRUD operations for<br>\n&ensp; birdData - information about a user of the feeder<br>\n&ensp; imageData - details about each picture that is logged<br>\n&ensp; linkData - an key reference to tell me what birds are on a picture, or what pictures a bird appears in.<br>'\n",
    "contact" : {
      "email" : "bkbiggs@aol.com"
    },
    "license" : {
      "name" : "Apache 2.0",
      "url" : "http://www.apache.org/licenses/LICENSE-2.0.html"
    },
    "version" : "1.0.2"
  },
  "servers" : [ {
    "url" : "https://virtserver.swaggerhub.com/bkbiggs/BF-Admin-Server/1.0.1",
    "description" : "SwaggerHub API Auto Mocking"
  } ],
  "tags" : [ {
    "name" : "admin",
    "description" : "Operations available to BF administrators"
  }, {
    "name" : "user",
    "description" : "Operations available to any client UI"
  } ],
  "paths" : {
    "/createBirdData" : {
      "get" : {
        "tags" : [ "admin" ],
        "summary" : "Create new BirdData element, assuming it does not already exist.",
        "description" : "Create a new entry in the system if it does not already exist (by scientific name). Otherwise, if there are any changes they should be done through updateBirdData.\n",
        "operationId" : "createBirdData",
        "parameters" : [ {
          "name" : "comName",
          "in" : "query",
          "description" : "Common name for this bird.\n",
          "required" : true,
          "style" : "form",
          "explode" : true,
          "schema" : {
            "type" : "string"
          }
        }, {
          "name" : "sciName",
          "in" : "query",
          "description" : "Scientific name for this bird. We use this field for uniqueness.\n",
          "required" : true,
          "style" : "form",
          "explode" : true,
          "schema" : {
            "type" : "string"
          }
        }, {
          "name" : "webData",
          "in" : "query",
          "description" : "Online data reference for this bird.\n",
          "required" : false,
          "style" : "form",
          "explode" : true,
          "schema" : {
            "type" : "string"
          }
        }, {
          "name" : "webImage",
          "in" : "query",
          "description" : "Online picture of this particular bird.\n",
          "required" : false,
          "style" : "form",
          "explode" : true,
          "schema" : {
            "type" : "string"
          }
        } ],
        "responses" : {
          "200" : {
            "description" : "Create BirdData response.",
            "content" : {
              "application/json" : {
                "schema" : {
                  "type" : "string",
                  "example" : "OK"
                }
              }
            }
          },
          "400" : {
            "description" : "Bad input parameter."
          }
        }
      }
    },
    "/updateBirdData" : {
      "get" : {
        "tags" : [ "admin" ],
        "summary" : "Update contents in existing BirdData element.",
        "description" : "Update an entry in the system based on the id. Remaining parameters are optional, if present will be used to either delete (null) or replace (\"\") the existing data value.\n",
        "operationId" : "updateBirdData",
        "parameters" : [ {
          "name" : "id",
          "in" : "query",
          "description" : "Bird data id from dbms.\n",
          "required" : true,
          "style" : "form",
          "explode" : true,
          "schema" : {
            "type" : "string"
          }
        }, {
          "name" : "comName",
          "in" : "query",
          "description" : "Common name for this bird.\n",
          "required" : false,
          "style" : "form",
          "explode" : true,
          "schema" : {
            "type" : "string"
          }
        }, {
          "name" : "sciName",
          "in" : "query",
          "description" : "Scientific name for this bird. We use this field for uniqueness.\n",
          "required" : false,
          "style" : "form",
          "explode" : true,
          "schema" : {
            "type" : "string"
          }
        }, {
          "name" : "webData",
          "in" : "query",
          "description" : "Online data reference for this bird.\n",
          "required" : false,
          "style" : "form",
          "explode" : true,
          "schema" : {
            "type" : "string"
          }
        }, {
          "name" : "webImage",
          "in" : "query",
          "description" : "Online picture of this particular bird.\n",
          "required" : false,
          "style" : "form",
          "explode" : true,
          "schema" : {
            "type" : "string"
          }
        } ],
        "responses" : {
          "200" : {
            "description" : "Update BirdData response.",
            "content" : {
              "application/json" : {
                "schema" : {
                  "type" : "string",
                  "example" : "OK"
                }
              }
            }
          },
          "400" : {
            "description" : "Bad input parameter."
          }
        }
      }
    },
    "/deleteBirdData" : {
      "get" : {
        "tags" : [ "admin" ],
        "summary" : "Delete an existing BirdData element.",
        "description" : "Delete an entry in the system based on the id. \n",
        "operationId" : "deleteBirdData",
        "parameters" : [ {
          "name" : "id",
          "in" : "query",
          "description" : "Bird data id from dbms.\n",
          "required" : true,
          "style" : "form",
          "explode" : true,
          "schema" : {
            "type" : "string"
          }
        } ],
        "responses" : {
          "200" : {
            "description" : "Delete BirdData response.",
            "content" : {
              "application/json" : {
                "schema" : {
                  "type" : "string",
                  "example" : "OK"
                }
              }
            }
          },
          "400" : {
            "description" : "Bad input parameter."
          }
        }
      }
    },
    "/getBirdData" : {
      "get" : {
        "tags" : [ "admin", "user" ],
        "summary" : "Return the list of available Bird information from our context.",
        "description" : "By passing in the appropriate options, you can search for\navailable inventory in the system\n",
        "operationId" : "getBirdData",
        "parameters" : [ {
          "name" : "id",
          "in" : "query",
          "description" : "- without any arguments all entries are returned\n- otherwise only one entry is returned.\n",
          "required" : false,
          "style" : "form",
          "explode" : true,
          "schema" : {
            "type" : "string"
          }
        } ],
        "responses" : {
          "200" : {
            "description" : "Get BirdData response.",
            "content" : {
              "application/json" : {
                "schema" : {
                  "type" : "array",
                  "items" : {
                    "$ref" : "#/components/schemas/BirdData"
                  }
                }
              }
            }
          },
          "400" : {
            "description" : "Bad input parameter."
          }
        }
      }
    },
    "/createLinkData" : {
      "get" : {
        "tags" : [ "admin" ],
        "summary" : "Create new link element, assuming it does not already exist.",
        "description" : "Show a connection between a birdData element and an imageData element. These links allow searching for all images a bird appears in - or all birds that appear in an image.\n",
        "operationId" : "createLinkData",
        "parameters" : [ {
          "name" : "birdId",
          "in" : "query",
          "description" : "Data id for the \"bird\".\n",
          "required" : true,
          "style" : "form",
          "explode" : true,
          "schema" : {
            "type" : "string",
            "format" : "int",
            "example" : "1"
          }
        }, {
          "name" : "imageId",
          "in" : "query",
          "description" : "Data id for the \"image\".\n",
          "required" : true,
          "style" : "form",
          "explode" : true,
          "schema" : {
            "type" : "string",
            "format" : "int",
            "example" : "1"
          }
        } ],
        "responses" : {
          "200" : {
            "description" : "Create LinkData response.",
            "content" : {
              "application/json" : {
                "schema" : {
                  "type" : "string",
                  "example" : "OK"
                }
              }
            }
          },
          "400" : {
            "description" : "Bad input parameter."
          }
        }
      }
    },
    "/deleteLinkData" : {
      "get" : {
        "tags" : [ "admin" ],
        "summary" : "Delete an existing LinkData element.",
        "description" : "Delete an entry in the system based on the id. \n",
        "operationId" : "deleteLinkData",
        "parameters" : [ {
          "name" : "id",
          "in" : "query",
          "description" : "Link data id from dbms.\n",
          "required" : true,
          "style" : "form",
          "explode" : true,
          "schema" : {
            "type" : "string",
            "format" : "int",
            "example" : "1"
          }
        } ],
        "responses" : {
          "200" : {
            "description" : "Delete LinkData response.",
            "content" : {
              "application/json" : {
                "schema" : {
                  "type" : "string",
                  "example" : "OK"
                }
              }
            }
          },
          "400" : {
            "description" : "Bad input parameter."
          }
        }
      }
    },
    "/getLinkData" : {
      "get" : {
        "tags" : [ "admin", "user" ],
        "summary" : "Return the list of available Bird information from our context.",
        "description" : "By passing in the appropriate options, you can search for\navailable inventory in the system\n",
        "operationId" : "getLinkData",
        "parameters" : [ {
          "name" : "birdId",
          "in" : "query",
          "description" : "- without any arguments all entries are returned\n- otherwise only one entry is returned.\n",
          "required" : false,
          "style" : "form",
          "explode" : true,
          "schema" : {
            "type" : "string"
          }
        }, {
          "name" : "imageId",
          "in" : "query",
          "description" : "- without any arguments all entries are returned\n- otherwise only one entry is returned.\n",
          "required" : false,
          "style" : "form",
          "explode" : true,
          "schema" : {
            "type" : "string"
          }
        } ],
        "responses" : {
          "200" : {
            "description" : "Get LinkData response.",
            "content" : {
              "application/json" : {
                "schema" : {
                  "type" : "array",
                  "items" : {
                    "$ref" : "#/components/schemas/LinkData"
                  }
                }
              }
            }
          },
          "400" : {
            "description" : "Bad input parameter."
          }
        }
      }
    },
    "/createImageData" : {
      "get" : {
        "tags" : [ "admin" ],
        "summary" : "Create new image element, assuming it does not already exist.",
        "description" : "Provide all the available descriptive information about the current image. The filename (which will be used to derive the location of both the icon and full image); the date/time the picture was taken; if the camera was inside the house or directly at the feeder; and the status of the picture<br>\n  - pending (still needs work)<br>\n  - display (available for general use)<br>\n  Also there is a lastUpdate flag to tell us when the last update to this context information was done.\n",
        "operationId" : "createImageData",
        "parameters" : [ {
          "name" : "filename",
          "in" : "query",
          "description" : "Source name for the image being used. \n",
          "required" : true,
          "style" : "form",
          "explode" : true,
          "schema" : {
            "type" : "string",
            "format" : "int",
            "example" : "image201901011012_pi15.jpg"
          }
        }, {
          "name" : "sourceCamera",
          "in" : "query",
          "description" : "Which camera setup was used for this image.\n",
          "required" : true,
          "style" : "form",
          "explode" : true,
          "schema" : {
            "type" : "string",
            "format" : "int",
            "example" : "outside"
          }
        }, {
          "name" : "date",
          "in" : "query",
          "description" : "Date of the \"image\".\n",
          "required" : true,
          "style" : "form",
          "explode" : true,
          "schema" : {
            "type" : "string",
            "format" : "int",
            "example" : "2019-01-01"
          }
        }, {
          "name" : "time",
          "in" : "query",
          "description" : "Time of the \"image\".\n",
          "required" : true,
          "style" : "form",
          "explode" : true,
          "schema" : {
            "type" : "string",
            "format" : "int",
            "example" : "10:12 AM"
          }
        }, {
          "name" : "description",
          "in" : "query",
          "description" : "Text content for this \"image\".\n",
          "required" : false,
          "style" : "form",
          "explode" : true,
          "schema" : {
            "type" : "string",
            "format" : "text",
            "example" : "who, what and ... huh?"
          }
        }, {
          "name" : "lastUpdate",
          "in" : "query",
          "description" : "When the last update for this image occured.\n",
          "required" : false,
          "style" : "form",
          "explode" : true,
          "schema" : {
            "type" : "string",
            "format" : "int",
            "example" : "20190201EST1000"
          }
        }, {
          "name" : "status",
          "in" : "query",
          "description" : "Either <em>pending</em> (still needs work) or <em>display</em> (ready for use).\n",
          "required" : true,
          "style" : "form",
          "explode" : true,
          "schema" : {
            "type" : "string",
            "example" : "pending"
          }
        } ],
        "responses" : {
          "200" : {
            "description" : "Create LinkData response.",
            "content" : {
              "application/json" : {
                "schema" : {
                  "type" : "string",
                  "example" : "OK"
                }
              }
            }
          },
          "400" : {
            "description" : "Bad input parameter."
          }
        }
      }
    },
    "/updateImageData" : {
      "get" : {
        "tags" : [ "admin" ],
        "summary" : "Create new image element, assuming it does not already exist.",
        "description" : "Provide all the available descriptive information about the current image. The filename (which will be used to derive the location of both the icon and full image); the date/time the picture was taken; if the camera was inside the house or directly at the feeder; and the status of the picture<br>\n  - pending (still needs work)<br>\n  - display (available for general use)<br>\n  Also there is a lastUpdate flag to tell us when the last update to this context information was done.\n",
        "operationId" : "createImageData",
        "parameters" : [ {
          "name" : "filename",
          "in" : "query",
          "description" : "Source name for the image being used. \n",
          "required" : false,
          "style" : "form",
          "explode" : true,
          "schema" : {
            "type" : "string",
            "format" : "int",
            "example" : "image201901011012_pi15.jpg"
          }
        }, {
          "name" : "sourceCamera",
          "in" : "query",
          "description" : "Which camera setup was used for this image.\n",
          "required" : false,
          "style" : "form",
          "explode" : true,
          "schema" : {
            "type" : "string",
            "format" : "int",
            "example" : "outside"
          }
        }, {
          "name" : "date",
          "in" : "query",
          "description" : "Date of the \"image\".\n",
          "required" : false,
          "style" : "form",
          "explode" : true,
          "schema" : {
            "type" : "string",
            "format" : "int",
            "example" : "2019-01-01"
          }
        }, {
          "name" : "time",
          "in" : "query",
          "description" : "Time of the \"image\".\n",
          "required" : false,
          "style" : "form",
          "explode" : true,
          "schema" : {
            "type" : "string",
            "format" : "int",
            "example" : "10:12 AM"
          }
        }, {
          "name" : "description",
          "in" : "query",
          "description" : "Text content for this \"image\".\n",
          "required" : false,
          "style" : "form",
          "explode" : true,
          "schema" : {
            "type" : "string",
            "format" : "text",
            "example" : "who, what and ... huh?"
          }
        }, {
          "name" : "lastUpdate",
          "in" : "query",
          "description" : "When the last update for this image occured.\n",
          "required" : false,
          "style" : "form",
          "explode" : true,
          "schema" : {
            "type" : "string",
            "format" : "int",
            "example" : "20190201EST1000"
          }
        }, {
          "name" : "status",
          "in" : "query",
          "description" : "Either <em>pending</em> (still needs work) or <em>display</em> (ready for use).\n",
          "required" : false,
          "style" : "form",
          "explode" : true,
          "schema" : {
            "type" : "string",
            "example" : "pending"
          }
        } ],
        "responses" : {
          "200" : {
            "description" : "Update ImageData response.",
            "content" : {
              "application/json" : {
                "schema" : {
                  "type" : "string",
                  "example" : "OK"
                }
              }
            }
          },
          "400" : {
            "description" : "Bad input parameter."
          }
        }
      }
    },
    "/deleteImageData" : {
      "get" : {
        "tags" : [ "admin" ],
        "summary" : "Return one or all of the list of available Image information from our context.",
        "description" : "Pass in a single imageId optionally. If present, response will be the image that is found. If no imageId is used, all the entries in the ImageData content will be returned.\n",
        "operationId" : "deleteImageData",
        "parameters" : [ {
          "name" : "id",
          "in" : "query",
          "description" : "- without any arguments all entries are returned\n- otherwise only one entry is returned.\n",
          "required" : false,
          "style" : "form",
          "explode" : true,
          "schema" : {
            "type" : "string",
            "format" : "int",
            "example" : "1"
          }
        } ],
        "responses" : {
          "200" : {
            "description" : "Delete ImageData response.",
            "content" : {
              "application/json" : {
                "schema" : {
                  "type" : "string",
                  "example" : "OK"
                }
              }
            }
          },
          "400" : {
            "description" : "Bad input parameter."
          }
        }
      }
    },
    "/getImageData" : {
      "get" : {
        "tags" : [ "admin", "user" ],
        "summary" : "Return one or all of the list of available Image information from our context.",
        "description" : "Pass in a single imageId optionally. If present, response will be the image that is found. If no imageId is used, all the entries in the ImageData content will be returned.\n",
        "operationId" : "getImageData",
        "parameters" : [ {
          "name" : "id",
          "in" : "query",
          "description" : "- without any arguments all entries are returned\n- otherwise only one entry is returned.\n",
          "required" : false,
          "style" : "form",
          "explode" : true,
          "schema" : {
            "type" : "string",
            "format" : "int",
            "example" : "1"
          }
        } ],
        "responses" : {
          "200" : {
            "description" : "Get LinkData response.",
            "content" : {
              "application/json" : {
                "schema" : {
                  "type" : "array",
                  "items" : {
                    "$ref" : "#/components/schemas/ImageData"
                  }
                }
              }
            }
          },
          "400" : {
            "description" : "Bad input parameter."
          }
        }
      }
    }
  },
  "components" : {
    "schemas" : {
      "ImageData" : {
        "required" : [ "filename" ],
        "type" : "object",
        "properties" : {
          "id" : {
            "type" : "string",
            "example" : "1"
          },
          "filename" : {
            "type" : "string",
            "example" : "image201607011007_pi15.jpg"
          },
          "sourceCamera" : {
            "type" : "string",
            "example" : "outside"
          },
          "date" : {
            "type" : "string",
            "format" : "date"
          },
          "time" : {
            "type" : "string",
            "format" : "time",
            "example" : "10:07 AM"
          },
          "description" : {
            "type" : "string",
            "example" : "birds, animals, whatever show up ..."
          },
          "lastUpdate" : {
            "type" : "string",
            "format" : "datetime"
          },
          "status" : {
            "type" : "string",
            "example" : "pending | display"
          }
        }
      },
      "LinkData" : {
        "required" : [ "birdId", "imageId" ],
        "type" : "object",
        "properties" : {
          "id" : {
            "type" : "string",
            "format" : "int",
            "example" : "1"
          },
          "birdId" : {
            "type" : "string",
            "format" : "int",
            "example" : "1"
          },
          "imageId" : {
            "type" : "string",
            "format" : "int",
            "example" : "1"
          }
        }
      },
      "BirdData" : {
        "required" : [ "commonName", "id", "scientificName" ],
        "type" : "object",
        "properties" : {
          "id" : {
            "type" : "string",
            "format" : "int",
            "example" : "1"
          },
          "commonName" : {
            "type" : "string",
            "example" : "Blue Bird"
          },
          "scientificName" : {
            "type" : "string",
            "example" : "Sialia sialis"
          },
          "webData" : {
            "type" : "string",
            "example" : "https://en.wikipedia.org/wiki/Bluebird"
          },
          "webImage" : {
            "type" : "string",
            "example" : "https://en.wikipedia.org/wiki/File:Eastern_Bluebird.jpg"
          }
        }
      }
    }
  }
}